<?xml version="1.0" encoding="UTF-8"?>
<configuration>
	<property name="LOGS" value="./logs" />
	<appender name="Console"
		class="ch.qos.logback.core.ConsoleAppender">
		<layout class="ch.qos.logback.classic.PatternLayout">
			<Pattern>[%d{yyyy/MM/dd HH:mm:ss.SSS}] [%p] [%c{1}] - %m%n</Pattern>
		</layout>
	</appender>
	<appender name="RollingFile"
		class="ch.qos.logback.core.rolling.RollingFileAppender">
		<file>${LOGS}/spring-boot-logger.log</file>
		<encoder
			class="ch.qos.logback.classic.encoder.PatternLayoutEncoder">
			<Pattern>[%d{yyyy/MM/dd HH:mm:ss.SSS}] [%p] [%c{1}] - %m%n</Pattern>
		</encoder>
		<rollingPolicy
			class="ch.qos.logback.core.rolling.TimeBasedRollingPolicy">
			<fileNamePattern>${LOGS}/archived/spring-boot-logger-%d{yyyy-MM-dd}.%i.log
			</fileNamePattern>
			<timeBasedFileNamingAndTriggeringPolicy
				class="ch.qos.logback.core.rolling.SizeAndTimeBasedFNATP">
				<maxFileSize>5MB</maxFileSize>
			</timeBasedFileNamingAndTriggeringPolicy>
		</rollingPolicy>
	</appender>
	<root level="info">
		<appender-ref ref="RollingFile" />
		<appender-ref ref="Console" />
	</root>
	<logger name="org.jllinares" level="debug" additivity="false">
		<appender-ref ref="RollingFile" />
		<appender-ref ref="Console" />
	</logger>
</configuration>